0,0.0,0.0,0.0,0.0,0.0,0.0,0.0,0.0,2.0,7.0,17.0,39.0,54.0,57.0,101.0,123.0,187.0,191.0,272.0,300.0,480.0,433.0,521.0,380.0,374.0,418.0,429.0,348.0,336.0,351.0,412.0,404.0,372.000000,386.000000,548.000000,414.000000,542.000000,498.0,547.000000,548.000000,544.000000,592.000000,633.000000,639.000000,659.000000,747.000000,841.000000,698.000000,812.000000,809.0,862.000000,842.000000,915.000000,1110.000000,1024.000000,1146.000000,1234.000000,1330.000000,1483.000000,1458.000000,1880.000000,2267.0,1888.000000,1284.000000,1343.000000,1287.000000,1066.000000,745.0,805.0,752.0,608.0,573.0,557.0,515.0,413.0,343.0,364.0,335.0,219.0,166.0,184.0,152.0,136.0,140.0,40.0,22.0,0.0,0.0,0.0,0.0,0.0,0.0,0.0,0.0,0.0,0.0
1,0.0,0.0,0.0,0.0,0.0,0.0,0.0,0.0,7.0,1.0,15.0,41.0,45.0,69.0,98.0,134.0,202.0,198.0,242.0,328.0,417.0,447.0,428.0,411.0,352.0,468.0,407.0,325.0,374.0,370.0,427.0,435.0,379.000000,394.000000,485.000000,436.000000,543.000000,515.0,607.000000,590.000000,531.000000,595.000000,575.000000,607.000000,657.000000,795.000000,759.000000,736.000000,676.000000,897.0,823.000000,837.000000,937.000000,1008.000000,1186.000000,964.000000,1473.000000,1434.000000,1269.000000,1492.000000,2044.000000,2399.0,1696.000000,1442.000000,1304.000000,1315.000000,1048.000000,790.0,810.0,726.0,657.0,501.0,511.0,572.0,447.0,362.0,316.0,366.0,299.0,214.0,196.0,209.0,182.0,147.0,41.0,29.0,1.0,0.0,0.0,0.0,0.0,0.0,0.0,0.0,0.0,0.0
2,0.0,0.0,0.0,0.0,0.0,0.0,0.0,0.0,3.0,4.0,14.0,42.0,48.0,73.0,96.0,132.0,182.0,204.0,246.0,303.0,444.0,472.0,453.0,378.0,404.0,435.0,440.0,383.0,354.0,381.0,398.0,379.0,378.000000,416.000000,467.737758,469.000000,488.000000,496.0,596.000000,545.000000,601.631597,561.000000,650.000000,574.000000,694.000000,722.000000,708.815217,763.000000,881.000000,744.0,898.000000,738.000000,1015.296718,1016.000000,1124.000000,1371.000000,1559.000000,1493.000000,1487.945495,1529.000000,2113.000000,2368.0,1786.000000,1490.000000,1404.158503,1278.000000,1085.000000,839.0,1151.0,928.0,778.0,568.0,626.0,543.0,521.0,353.0,396.0,392.0,246.0,214.0,198.0,161.0,139.0,143.0,66.0,18.0,4.0,0.0,0.0,0.0,0.0,0.0,0.0,0.0,0.0,0.0
3,0.0,0.0,0.0,0.0,0.0,0.0,0.0,0.0,0.0,8.0,15.0,31.0,53.0,80.0,103.0,146.0,194.0,223.0,246.0,275.0,389.0,536.0,432.0,398.0,375.0,480.0,388.0,359.0,311.0,467.0,374.0,383.0,393.000000,473.000000,418.000000,450.000000,498.000000,500.0,536.000000,500.000000,564.000000,632.000000,665.000000,512.000000,614.000000,778.000000,790.000000,720.000000,721.000000,864.0,882.000000,887.000000,864.000000,1062.000000,1144.000000,1077.000000,1367.000000,1452.000000,1339.000000,1408.000000,1945.000000,2366.0,1705.000000,1412.000000,1283.000000,1286.000000,985.000000,812.0,810.0,866.0,652.0,588.0,632.0,626.0,503.0,419.0,486.0,390.0,263.0,222.0,200.0,199.0,146.0,96.0,54.0,22.0,2.0,0.0,0.0,0.0,0.0,0.0,0.0,0.0,0.0,0.0
4,0.0,0.0,0.0,0.0,0.0,0.0,0.0,0.0,2.0,4.0,15.0,36.0,57.0,89.0,98.0,131.0,187.0,191.0,226.0,313.0,426.0,498.0,467.0,409.0,427.0,449.0,409.0,315.0,359.0,389.0,449.0,337.0,378.000000,429.000000,447.000000,436.529115,419.000000,495.0,548.000000,513.000000,561.000000,583.483881,622.000000,578.000000,713.000000,770.000000,848.000000,808.825738,864.000000,835.0,893.000000,972.000000,1100.000000,1191.127971,1257.000000,1303.000000,1737.000000,1518.000000,1486.000000,1329.373105,1613.000000,1811.0,1412.000000,1230.000000,1170.000000,1142.721882,925.000000,748.0,778.0,806.0,664.0,557.0,567.0,589.0,470.0,423.0,470.0,368.0,452.0,899.0,478.0,327.0,231.0,201.0,78.0,26.0,4.0,0.0,0.0,0.0,0.0,0.0,0.0,0.0,0.0,0.0
5,0.0,0.0,0.0,0.0,0.0,0.0,0.0,0.0,5.0,5.0,28.0,27.0,42.0,41.0,41.0,69.0,73.0,84.0,106.0,114.0,146.0,226.0,184.0,197.0,225.0,211.0,237.0,173.0,218.0,203.0,234.0,201.0,231.000000,293.000000,298.000000,272.000000,306.000000,333.0,387.000000,339.000000,370.000000,377.000000,397.000000,367.000000,513.000000,583.000000,494.000000,499.000000,554.000000,501.0,565.000000,466.000000,536.000000,460.000000,531.000000,429.000000,513.000000,479.000000,483.000000,444.000000,544.000000,525.0,544.000000,418.000000,462.000000,383.000000,439.000000,346.0,422.0,439.0,452.0,393.0,432.0,400.0,355.0,365.0,441.0,600.0,721.0,1007.0,706.0,363.0,238.0,248.0,55.0,39.0,4.0,0.0,0.0,0.0,0.0,0.0,0.0,0.0,0.0,0.0
6,0.0,0.0,0.0,0.0,0.0,0.0,0.0,0.0,0.0,4.0,67.0,89.0,60.0,52.0,65.0,55.0,71.0,67.0,71.0,105.0,103.0,135.0,124.0,149.0,141.0,188.0,145.0,159.0,141.0,165.0,194.0,174.0,195.000000,184.000000,224.000000,222.000000,230.000000,269.0,256.000000,296.000000,267.000000,290.000000,302.000000,306.000000,307.000000,357.000000,337.000000,356.000000,302.000000,331.0,304.000000,326.000000,314.000000,360.000000,358.000000,341.000000,368.000000,356.000000,365.000000,366.000000,387.000000,382.0,349.000000,345.000000,314.000000,335.000000,265.000000,293.0,331.0,290.0,233.0,273.0,305.0,323.0,237.0,158.0,260.0,218.0,213.0,583.0,401.0,140.0,134.0,84.0,27.0,7.0,4.0,0.0,0.0,0.0,0.0,0.0,0.0,0.0,0.0,0.0
7,0.0,0.0,0.0,0.0,0.0,0.0,0.0,0.0,2.0,8.0,24.0,46.0,40.0,85.0,80.0,150.0,174.0,222.0,267.0,364.0,408.0,527.0,484.0,408.0,419.0,399.0,426.0,318.0,345.0,376.0,395.0,398.0,393.000000,423.960076,452.000000,406.000000,450.000000,524.0,535.000000,575.535741,481.000000,570.000000,666.000000,585.000000,561.000000,732.904411,787.000000,727.000000,847.000000,932.0,903.000000,929.181183,982.000000,1109.000000,1228.000000,1184.000000,1590.000000,1664.320578,1557.000000,1580.000000,1820.000000,2609.0,1802.000000,1453.060024,1401.000000,1516.000000,1001.000000,889.0,763.0,858.0,584.0,516.0,560.0,617.0,426.0,387.0,369.0,443.0,276.0,214.0,184.0,164.0,130.0,110.0,31.0,23.0,2.0,0.0,0.0,0.0,0.0,0.0,0.0,0.0,0.0,0.0
8,0.0,0.0,0.0,0.0,0.0,0.0,0.0,0.0,3.0,5.0,20.0,50.0,49.0,87.0,99.0,125.0,189.0,239.0,256.0,330.0,445.0,555.0,499.0,438.0,393.0,459.0,409.0,382.0,363.0,419.0,393.0,408.0,392.000000,422.000000,456.000000,431.000000,474.000000,569.0,549.000000,545.000000,595.000000,555.000000,593.000000,458.000000,680.000000,726.000000,804.000000,694.000000,840.000000,870.0,1098.000000,974.000000,1010.000000,1107.000000,1404.000000,1295.000000,1435.000000,1724.000000,1540.000000,1583.000000,2148.000000,2350.0,1994.000000,1549.000000,1574.000000,1303.000000,1002.000000,907.0,884.0,787.0,645.0,577.0,636.0,554.0,469.0,379.0,396.0,417.0,268.0,224.0,207.0,174.0,137.0,122.0,56.0,14.0,1.0,0.0,0.0,0.0,0.0,0.0,0.0,0.0,0.0,0.0
9,0.0,0.0,0.0,0.0,0.0,0.0,0.0,0.0,2.0,7.0,28.0,50.0,52.0,82.0,84.0,134.0,161.0,213.0,282.0,322.0,467.0,543.0,504.0,433.0,415.0,420.0,421.0,343.0,329.0,415.0,390.0,377.0,381.000000,452.000000,471.000000,436.000000,531.000000,569.0,527.000000,508.000000,595.000000,535.000000,650.000000,574.000000,672.000000,679.000000,827.000000,699.000000,848.000000,842.0,963.000000,968.000000,1089.000000,1070.000000,1333.000000,1158.000000,1578.000000,1745.000000,1468.000000,1697.000000,2136.000000,2338.0,1944.000000,1434.000000,1464.000000,1442.000000,994.000000,927.0,827.0,848.0,688.0,667.0,647.0,629.0,536.0,456.0,494.0,470.0,266.0,234.0,225.0,197.0,152.0,117.0,52.0,28.0,6.0,0.0,0.0,0.0,0.0,0.0,0.0,0.0,0.0,0.0
10,0.0,0.0,0.0,0.0,0.0,0.0,0.0,0.0,3.0,7.0,49.0,26.0,57.0,85.0,92.0,137.0,200.0,184.0,289.0,324.0,485.0,515.0,547.0,392.0,396.0,436.0,451.0,342.0,337.0,412.0,441.0,387.0,410.671108,415.000000,487.000000,432.000000,511.000000,521.0,532.588333,545.000000,611.000000,619.000000,632.000000,619.000000,687.219001,822.000000,787.000000,858.000000,852.000000,957.0,965.012673,862.000000,1069.000000,1208.000000,1150.000000,1221.000000,1543.854804,1697.000000,1438.000000,1479.000000,2081.000000,2485.0,1804.761191,1445.000000,1451.000000,1362.000000,1005.000000,758.0,871.0,791.0,702.0,578.0,669.0,569.0,529.0,377.0,476.0,420.0,335.0,358.0,840.0,424.0,264.0,134.0,58.0,29.0,6.0,0.0,0.0,0.0,0.0,0.0,0.0,0.0,0.0,0.0
11,0.0,0.0,0.0,0.0,0.0,0.0,0.0,0.0,0.0,5.0,24.0,32.0,66.0,72.0,102.0,115.0,205.0,187.0,252.0,334.0,488.0,538.0,504.0,435.0,410.0,443.0,390.0,367.0,395.0,395.0,416.0,382.0,386.000000,439.000000,423.000000,469.000000,472.000000,592.0,532.000000,613.000000,586.000000,654.000000,652.000000,604.000000,713.000000,871.000000,737.000000,882.000000,942.000000,960.0,1109.000000,1068.000000,1217.000000,1346.000000,1377.000000,1432.000000,1819.000000,1853.000000,1592.000000,1393.000000,1695.000000,1938.0,1539.000000,1325.000000,1201.000000,1245.000000,904.000000,825.0,838.0,806.0,640.0,643.0,628.0,606.0,466.0,474.0,676.0,721.0,398.0,402.0,293.0,312.0,225.0,230.0,93.0,52.0,2.0,0.0,0.0,0.0,0.0,0.0,0.0,0.0,0.0,0.0
12,0.0,0.0,0.0,0.0,0.0,0.0,0.0,0.0,5.0,2.0,56.0,57.0,134.0,78.0,79.0,76.0,96.0,105.0,109.0,97.0,158.0,201.0,197.0,191.0,223.0,231.0,212.0,172.0,188.0,251.0,271.0,197.0,247.000000,263.000000,308.000000,351.000000,379.000000,453.0,476.000000,442.000000,432.495036,489.250176,497.606869,494.471101,570.000000,562.000000,576.000000,579.000000,653.000000,653.0,628.000000,680.000000,519.000000,617.000000,648.000000,520.000000,574.000000,635.000000,506.000000,429.000000,491.000000,471.0,430.000000,412.000000,376.000000,505.000000,486.000000,500.0,526.0,492.0,368.0,391.0,367.0,380.0,287.0,334.0,366.0,297.0,246.0,451.0,651.0,366.0,366.0,270.0,66.0,27.0,1.0,0.0,0.0,0.0,0.0,0.0,0.0,0.0,0.0,0.0
13,0.0,0.0,0.0,0.0,0.0,0.0,0.0,0.0,1.0,4.0,85.0,69.0,63.0,64.0,42.0,62.0,82.0,65.0,74.0,74.0,111.0,124.0,116.0,166.0,220.0,185.0,146.0,176.0,155.0,228.0,154.0,173.0,171.000000,205.000000,240.000000,201.000000,223.000000,297.0,264.000000,277.000000,254.000000,302.000000,280.000000,352.000000,312.000000,347.000000,347.000000,349.000000,337.000000,307.0,313.000000,386.000000,349.000000,316.000000,358.000000,336.000000,329.000000,322.000000,319.000000,317.000000,344.000000,339.0,290.000000,278.000000,302.000000,324.000000,304.000000,250.0,341.0,292.0,254.0,231.0,411.0,294.0,243.0,182.0,268.0,241.0,260.0,585.0,320.0,208.0,150.0,94.0,45.0,13.0,1.0,0.0,0.0,0.0,0.0,0.0,0.0,0.0,0.0,0.0
14,0.0,0.0,0.0,0.0,0.0,0.0,0.0,0.0,5.0,4.0,25.0,36.0,57.0,99.0,94.0,168.0,211.0,228.0,269.0,331.0,508.0,514.0,471.0,380.0,441.0,495.0,368.0,361.0,384.0,409.0,444.0,361.0,438.000000,422.000000,489.000000,433.000000,601.000000,551.0,602.000000,560.000000,557.000000,623.000000,675.000000,555.000000,670.000000,767.000000,717.000000,762.000000,892.000000,801.0,985.000000,817.000000,1004.000000,1064.000000,1147.000000,1259.000000,1584.000000,1769.000000,1552.000000,1543.000000,2001.000000,2242.0,1881.000000,1531.000000,1372.000000,1392.000000,1108.000000,924.0,867.0,829.0,730.0,599.0,652.0,622.0,472.0,431.0,422.0,415.0,260.0,322.0,455.0,198.0,153.0,108.0,22.0,16.0,0.0,0.0,0.0,0.0,0.0,0.0,0.0,0.0,0.0,0.0
15,0.0,0.0,0.0,0.0,0.0,0.0,0.0,0.0,7.0,0.0,16.0,48.0,51.0,113.0,78.0,151.0,210.0,216.0,248.0,372.0,458.0,556.0,485.0,458.0,409.0,476.0,414.0,401.0,405.0,455.0,437.0,423.0,428.000000,421.000000,491.000000,517.000000,527.677608,568.0,545.000000,675.000000,611.000000,608.000000,677.813564,652.000000,672.000000,818.000000,713.000000,889.000000,875.571602,960.0,1042.000000,956.000000,1050.000000,1009.000000,1236.240743,1410.000000,1572.000000,1690.000000,1516.000000,1507.000000,2076.466861,2411.0,1833.000000,1539.000000,1349.000000,1381.000000,1045.315551,827.0,974.0,862.0,719.0,641.0,648.0,631.0,500.0,397.0,501.0,382.0,307.0,226.0,241.0,170.0,142.0,96.0,64.0,18.0,3.0,0.0,0.0,0.0,0.0,0.0,0.0,0.0,0.0,0.0
16,0.0,0.0,0.0,0.0,0.0,0.0,0.0,0.0,6.0,0.0,21.0,43.0,48.0,93.0,106.0,156.0,198.0,221.0,240.0,349.0,439.0,509.0,471.0,434.0,480.0,497.0,462.0,392.0,381.0,450.0,451.0,375.0,421.000000,434.000000,454.000000,447.000000,504.000000,594.0,529.000000,649.000000,515.000000,679.000000,636.000000,599.000000,585.000000,783.000000,747.000000,837.000000,857.000000,993.0,914.000000,1034.000000,971.000000,1235.000000,1224.000000,1303.000000,1633.000000,1612.000000,1611.000000,1602.000000,2149.000000,2336.0,1888.000000,1532.000000,1531.000000,1411.000000,1130.000000,896.0,930.0,928.0,691.0,668.0,684.0,674.0,475.0,433.0,637.0,496.0,319.0,244.0,218.0,172.0,142.0,139.0,36.0,25.0,3.0,0.0,0.0,0.0,0.0,0.0,0.0,0.0,0.0,0.0
17,0.0,0.0,0.0,0.0,0.0,0.0,0.0,0.0,3.0,4.0,22.0,46.0,62.0,81.0,108.0,147.0,223.0,211.0,276.0,325.0,491.0,527.0,539.0,397.0,443.0,477.0,405.0,392.0,430.0,471.0,463.0,445.0,413.000000,426.000000,498.000000,483.000000,519.000000,593.0,584.000000,615.000000,652.000000,676.000000,765.000000,598.000000,727.000000,738.000000,742.000000,771.000000,971.000000,922.0,959.000000,839.000000,997.000000,1154.000000,1216.000000,1325.000000,1636.000000,1595.000000,1560.000000,1608.000000,2166.000000,2394.0,1899.000000,1508.000000,1525.000000,1328.000000,1110.000000,861.0,969.0,886.0,695.0,613.0,729.0,763.0,694.0,570.0,581.0,704.0,619.0,335.0,351.0,215.0,187.0,140.0,57.0,8.0,2.0,0.0,0.0,0.0,0.0,0.0,0.0,0.0,0.0,0.0
18,0.0,0.0,0.0,0.0,0.0,0.0,0.0,0.0,6.0,0.0,28.0,42.0,62.0,103.0,95.0,129.0,205.0,231.0,258.0,299.0,434.0,518.0,545.0,377.0,474.0,455.0,516.0,380.0,401.0,401.0,519.0,429.0,415.000000,463.000000,472.744031,483.000000,508.000000,688.0,607.000000,699.000000,630.544535,706.000000,707.000000,706.000000,671.000000,793.000000,797.250705,914.000000,1000.000000,961.0,1088.000000,1100.000000,1166.559243,1311.000000,1387.000000,1475.000000,1891.000000,1826.000000,1520.326453,1278.000000,1914.000000,1978.0,1582.000000,1306.000000,1289.457989,1201.000000,969.000000,850.0,843.0,852.0,737.0,615.0,643.0,628.0,540.0,705.0,452.0,468.0,523.0,377.0,315.0,291.0,252.0,235.0,70.0,16.0,5.0,0.0,0.0,0.0,0.0,0.0,0.0,0.0,0.0,0.0
19,0.0,0.0,0.0,0.0,0.0,0.0,0.0,0.0,5.0,0.0,23.0,38.0,49.0,59.0,67.0,84.0,94.0,90.0,99.0,119.0,178.0,204.0,188.0,194.0,236.0,266.0,203.0,194.0,233.0,273.0,280.0,314.0,299.000000,328.000000,318.000000,356.000000,401.000000,440.0,477.000000,518.000000,480.000000,473.000000,558.000000,530.000000,701.000000,561.000000,654.000000,653.000000,731.000000,617.0,611.000000,510.000000,597.000000,665.734808,630.573217,610.940875,623.621715,645.000000,616.000000,512.000000,567.000000,552.0,520.000000,516.000000,567.000000,472.000000,432.000000,446.0,501.0,507.0,446.0,363.0,429.0,474.0,321.0,390.0,342.0,389.0,340.0,666.0,579.0,508.0,330.0,225.0,53.0,25.0,2.0,0.0,0.0,0.0,0.0,0.0,0.0,0.0,0.0,0.0
20,0.0,0.0,0.0,0.0,0.0,0.0,0.0,0.0,3.0,4.0,102.0,128.0,56.0,78.0,70.0,44.0,114.0,87.0,78.0,91.0,138.0,108.0,135.0,132.0,188.0,203.0,199.0,200.0,201.0,199.0,210.0,172.0,188.000000,222.000000,224.0,222.000000,230.0,252.0,282.000000,281.000000,257.0,265.000000,276.0,284.0,292.000000,384.000000,308.0,368.000000,279.0,295.0,319.000000,353.000000,350.0,324.16031,340.930968,329.543284,377.257634,371.000000,342.0,345.000000,369.0,330.0,296.000000,302.000000,247.0,268.000000,293.0,271.0,316.0,280.0,267.0,280.0,410.0,342.0,216.0,188.0,267.0,243.0,293.0,486.0,199.0,127.0,145.0,100.0,35.0,17.0,1.0,0.0,0.0,0.0,0.0,0.0,0.0,0.0,0.0,0.0
21,0.0,0.0,0.0,0.0,0.0,0.0,0.0,2.0,4.0,2.0,27.0,52.0,57.0,81.0,135.0,179.0,207.0,206.0,265.0,342.0,468.0,527.0,551.0,366.0,459.0,444.0,430.0,375.0,438.0,398.0,426.0,416.0,473.000000,402.000000,459.0,492.000000,559.0,563.0,613.000000,593.000000,554.0,646.000000,648.0,637.0,555.000000,713.000000,705.0,790.000000,753.0,961.0,966.000000,898.000000,904.0,1088.00000,1179.000000,1214.000000,1479.000000,1673.000000,1587.0,1459.000000,1985.0,2257.0,1874.000000,1514.000000,1367.0,1508.000000,1042.0,829.0,879.0,758.0,636.0,571.0,690.0,606.0,467.0,453.0,469.0,429.0,310.0,240.0,212.0,184.0,121.0,169.0,39.0,18.0,3.0,0.0,0.0,0.0,0.0,0.0,0.0,0.0,0.0,0.0
22,0.0,0.0,0.0,0.0,0.0,0.0,0.0,0.0,2.0,5.0,30.0,47.0,60.0,77.0,130.0,142.0,217.0,205.0,275.0,314.0,484.0,559.0,544.0,419.0,455.0,516.0,486.0,374.0,392.0,446.0,507.0,450.0,435.000000,426.000000,534.0,483.000000,552.0,569.0,643.000000,643.000000,630.0,595.000000,702.0,626.0,736.000000,795.000000,800.0,783.000000,951.0,885.0,1186.000000,909.000000,1032.0,1126.00000,1220.000000,1147.000000,1612.000000,1667.000000,1579.0,1521.000000,2091.0,2367.0,1996.000000,1544.000000,1429.0,1374.000000,1067.0,913.0,971.0,868.0,708.0,630.0,676.0,688.0,453.0,440.0,489.0,531.0,562.0,631.0,362.0,240.0,179.0,132.0,64.0,27.0,1.0,0.0,0.0,0.0,0.0,0.0,0.0,0.0,0.0,0.0
23,0.0,0.0,0.0,0.0,0.0,0.0,0.0,1.0,4.0,3.0,38.0,52.0,79.0,52.0,105.0,162.0,240.0,196.0,282.0,322.0,490.0,494.0,542.0,414.0,436.0,459.0,519.0,386.0,468.0,451.0,482.0,415.0,433.000000,459.906078,523.0,530.000000,573.0,565.0,620.000000,606.501012,651.0,614.000000,687.0,633.0,709.000000,819.175914,784.0,840.000000,942.0,941.0,979.000000,967.373871,1097.0,1158.00000,1243.000000,1288.000000,1589.000000,1724.907276,1593.0,1646.000000,2212.0,2387.0,1929.000000,1529.145515,1480.0,1421.000000,978.0,919.0,1004.0,873.0,701.0,597.0,669.0,591.0,540.0,403.0,497.0,461.0,350.0,886.0,371.0,263.0,193.0,114.0,34.0,17.0,0.0,0.0,0.0,0.0,0.0,0.0,0.0,0.0,0.0,0.0
24,0.0,0.0,0.0,0.0,0.0,0.0,0.0,0.0,3.0,5.0,34.0,47.0,63.0,66.0,125.0,150.0,252.0,202.0,277.0,322.0,509.0,513.0,519.0,458.0,448.0,448.0,507.0,403.0,453.0,434.0,444.0,408.0,476.000000,448.000000,533.0,444.000000,606.0,510.0,613.000000,596.000000,619.0,641.000000,705.0,679.0,725.000000,854.000000,859.0,817.000000,943.0,995.0,1008.000000,896.000000,1034.0,1152.00000,1195.000000,1188.000000,1479.000000,1691.000000,1702.0,1512.000000,2123.0,2402.0,1959.000000,1421.000000,1466.0,1312.000000,1069.0,958.0,992.0,862.0,672.0,647.0,681.0,696.0,500.0,479.0,524.0,539.0,373.0,858.0,465.0,259.0,160.0,152.0,73.0,27.0,1.0,0.0,0.0,0.0,0.0,0.0,0.0,0.0,0.0,0.0
25,0.0,0.0,0.0,0.0,0.0,0.0,0.0,1.0,4.0,4.0,32.0,31.0,72.0,105.0,106.0,154.0,205.0,229.0,260.0,326.0,489.0,496.0,533.0,412.0,450.0,480.0,491.0,394.0,418.0,485.0,511.0,470.0,488.000000,533.000000,487.0,543.000000,574.0,660.0,665.000000,782.000000,625.0,729.000000,694.0,711.0,686.000000,832.000000,702.0,990.000000,1025.0,985.0,1085.000000,1176.000000,1191.0,1372.00000,1523.000000,1527.000000,1865.000000,1830.000000,1469.0,1595.000000,1558.0,1841.0,1563.000000,1232.000000,1355.0,1254.000000,1066.0,826.0,889.0,873.0,697.0,596.0,727.0,625.0,604.0,623.0,628.0,557.0,486.0,331.0,327.0,305.0,223.0,221.0,91.0,43.0,1.0,0.0,0.0,0.0,0.0,0.0,0.0,0.0,0.0,0.0
26,0.0,0.0,0.0,0.0,0.0,0.0,1.0,0.0,3.0,4.0,44.0,62.0,59.0,78.0,64.0,95.0,87.0,110.0,119.0,147.0,189.0,220.0,192.0,230.0,271.0,266.0,263.0,259.0,262.0,343.0,329.0,326.0,313.000000,323.000000,390.0,466.000000,424.0,477.0,451.000000,506.000000,493.0,511.000000,545.0,536.0,471.000000,710.000000,553.0,689.000000,565.0,663.0,559.000000,600.000000,563.0,628.00000,601.000000,563.000000,603.000000,628.000000,562.0,579.000000,540.0,577.0,611.000000,736.000000,760.0,614.000000,483.0,528.0,519.0,500.0,383.0,425.0,498.0,438.0,326.0,318.0,403.0,373.0,320.0,212.0,248.0,282.0,258.0,209.0,87.0,27.0,1.0,0.0,0.0,0.0,0.0,0.0,0.0,0.0,0.0,0.0
27,0.0,0.0,0.0,0.0,0.0,0.0,1.0,0.0,3.0,5.0,128.0,110.0,126.0,80.0,64.0,73.0,97.0,117.0,71.0,106.0,131.0,155.0,150.0,151.0,177.0,229.0,211.0,211.0,229.0,223.0,236.0,215.0,209.000000,203.000000,263.0,280.000000,318.0,294.0,294.000000,341.000000,328.0,359.000000,312.0,350.0,336.000000,435.000000,368.0,410.000000,453.0,345.0,394.000000,446.000000,313.0,417.00000,408.000000,375.000000,402.000000,443.000000,416.0,346.000000,485.0,403.0,389.000000,435.000000,502.0,354.000000,370.0,363.0,599.0,637.0,382.0,303.0,398.0,349.0,298.0,226.0,294.0,296.0,178.0,185.0,151.0,158.0,144.0,103.0,41.0,15.0,2.0,0.0,0.0,0.0,0.0,0.0,0.0,0.0,0.0,0.0
28,0.0,0.0,0.0,0.0,0.0,0.0,0.0,1.0,3.0,3.0,24.0,41.0,69.0,91.0,102.0,180.0,202.0,210.0,247.0,298.0,421.0,520.0,498.0,406.0,468.0,442.0,449.0,377.0,410.0,426.0,446.0,395.0,452.000000,454.000000,527.0,478.113111,558.0,608.0,661.000000,626.000000,660.0,653.754479,729.0,605.0,701.000000,744.000000,852.0,778.675651,853.0,880.0,1001.000000,928.000000,1034.0,1088.59962,1181.000000,1171.000000,1445.000000,1506.000000,1523.0,1495.693016,1850.0,2438.0,1801.000000,1389.000000,1298.0,1351.914574,1006.0,930.0,876.0,792.0,779.0,629.0,646.0,540.0,491.0,343.0,434.0,333.0,292.0,195.0,225.0,174.0,173.0,143.0,46.0,20.0,1.0,0.0,0.0,0.0,0.0,0.0,0.0,0.0,0.0,0.0
29,0.0,0.0,0.0,0.0,0.0,0.0,0.0,0.0,2.0,4.0,37.0,52.0,66.0,80.0,112.0,172.0,185.0,237.0,212.0,381.0,359.0,583.0,540.0,443.0,488.0,405.0,482.0,379.0,443.0,405.0,491.0,460.0,514.000000,433.000000,552.0,482.000000,590.0,593.0,629.000000,696.000000,631.0,647.000000,700.0,626.0,763.000000,758.000000,811.0,776.000000,852.0,1006.0,1060.000000,958.000000,1078.0,1163.00000,1237.000000,1237.000000,1483.000000,1729.000000,1609.0,1596.000000,2028.0,2492.0,1714.000000,1410.000000,1392.0,1279.000000,1058.0,862.0,955.0,861.0,684.0,533.0,697.0,663.0,454.0,409.0,423.0,402.0,316.0,210.0,253.0,194.0,182.0,163.0,84.0,33.0,4.0,0.0,0.0,0.0,0.0,0.0,0.0,0.0,0.0,0.0
30,0.0,0.0,0.0,0.0,0.0,0.0,0.0,0.0,5.0,4.0,47.0,58.0,62.0,85.0,122.0,169.0,183.0,221.0,221.0,330.0,413.0,525.0,522.0,422.0,450.0,493.0,446.0,411.0,408.0,498.0,442.0,426.0,505.000000,504.000000,515.0,507.000000,556.0,535.0,614.000000,555.000000,650.0,677.000000,734.0,625.0,747.000000,772.000000,823.0,781.000000,886.0,896.0,934.000000,990.000000,1053.0,1227.00000,1218.000000,1102.000000,1545.000000,1702.000000,1594.0,1590.000000,2227.0,2309.0,1882.000000,1395.000000,1416.0,1409.000000,1022.0,828.0,832.0,809.0,695.0,634.0,620.0,579.0,764.0,632.0,448.0,488.0,298.0,316.0,262.0,225.0,165.0,183.0,37.0,18.0,0.0,0.0,0.0,0.0,0.0,0.0,0.0,0.0,0.0,0.0
31,0.0,0.0,0.0,0.0,0.0,0.0,0.0,1.0,5.0,3.0,25.0,65.0,76.0,66.0,129.0,154.0,228.0,216.0,280.0,344.0,410.0,544.0,522.0,425.0,479.0,463.0,468.0,403.0,513.0,531.0,431.0,484.0,430.080346,474.000000,547.0,475.000000,561.0,626.0,625.454829,650.000000,583.0,718.000000,710.0,679.0,691.529716,787.000000,852.0,939.000000,866.0,1011.0,1062.011138,1100.000000,953.0,1035.00000,1170.000000,1198.000000,1439.023470,1607.000000,1468.0,1399.000000,1987.0,2199.0,1814.014119,1483.000000,1434.0,1412.000000,936.0,881.0,878.0,897.0,681.0,684.0,665.0,600.0,495.0,419.0,508.0,610.0,758.0,329.0,335.0,290.0,249.0,137.0,87.0,21.0,2.0,0.0,0.0,0.0,0.0,0.0,0.0,0.0,0.0,0.0
32,0.0,0.0,0.0,0.0,0.0,0.0,0.0,0.0,4.0,4.0,35.0,47.0,82.0,86.0,121.0,168.0,239.0,202.0,258.0,328.0,437.0,498.0,470.0,410.0,497.0,467.0,481.0,432.0,463.0,478.0,472.0,401.0,501.000000,524.000000,542.0,557.000000,563.0,631.0,644.000000,663.000000,690.0,703.000000,742.0,623.0,739.000000,855.000000,824.0,919.000000,942.0,1049.0,1053.000000,1128.000000,992.0,1372.00000,1466.000000,1420.000000,1551.000000,1828.000000,1564.0,1344.000000,1549.0,1930.0,1355.000000,1185.000000,1286.0,1206.000000,834.0,777.0,766.0,870.0,570.0,603.0,663.0,599.0,435.0,411.0,432.0,443.0,339.0,325.0,244.0,312.0,237.0,287.0,76.0,47.0,0.0,0.0,0.0,0.0,0.0,0.0,0.0,0.0,0.0,0.0
33,0.0,0.0,0.0,0.0,0.0,0.0,1.0,1.0,6.0,3.0,44.0,58.0,61.0,91.0,62.0,104.0,129.0,130.0,118.0,147.0,206.0,261.0,221.0,217.0,250.0,310.0,265.0,248.0,286.0,316.0,331.0,282.0,318.000000,378.000000,341.0,358.000000,357.0,387.0,462.000000,409.000000,369.0,409.000000,494.0,381.0,497.000000,472.000000,563.0,483.000000,508.0,461.0,557.000000,456.000000,526.0,465.00000,452.000000,460.000000,517.000000,432.000000,477.0,367.000000,461.0,430.0,423.000000,361.000000,389.0,349.000000,332.0,319.0,376.0,362.0,309.0,337.0,577.0,419.0,291.0,332.0,339.0,304.0,357.0,295.0,220.0,215.0,175.0,193.0,73.0,48.0,26.0,16.0,31.0,20.0,18.0,28.0,26.0,0.0,0.0,0.0
34,0.0,0.0,0.0,0.0,0.0,0.0,0.0,24.0,17.0,32.0,45.0,39.0,34.0,55.0,64.0,75.0,70.0,88.0,77.0,135.0,126.0,178.0,162.0,162.0,179.0,246.0,193.0,211.0,218.0,219.0,246.0,211.0,221.000000,229.000000,258.0,255.000000,264.0,287.0,302.000000,275.000000,272.0,292.000000,373.0,293.0,308.000000,296.000000,295.0,289.000000,313.0,306.0,322.000000,285.000000,278.0,334.00000,336.000000,334.000000,386.000000,368.000000,320.0,283.000000,359.0,343.0,299.000000,269.000000,284.0,283.000000,294.0,336.0,309.0,307.0,275.0,290.0,591.0,415.0,301.0,305.0,264.0,261.0,146.0,144.0,173.0,166.0,132.0,161.0,42.0,24.0,0.0,0.0,0.0,0.0,0.0,0.0,0.0,0.0,0.0,0.0
35,0.0,0.0,0.0,0.0,0.0,0.0,1.0,0.0,4.0,3.0,31.0,58.0,60.0,93.0,104.0,139.0,207.0,214.0,224.0,313.0,414.0,436.0,422.0,337.0,363.0,483.0,390.0,348.0,340.0,425.0,413.0,423.0,436.000000,496.000000,489.0,476.000000,500.0,583.0,534.000000,621.000000,573.0,692.000000,646.0,552.0,668.000000,761.000000,777.0,658.000000,767.0,745.0,817.000000,734.000000,924.0,825.00000,1065.000000,966.000000,1297.000000,1382.000000,1248.0,1286.000000,1861.0,2300.0,1552.000000,1316.000000,1303.0,1155.000000,968.0,852.0,895.0,844.0,674.0,581.0,554.0,595.0,395.0,355.0,456.0,440.0,272.0,214.0,192.0,176.0,177.0,146.0,60.0,29.0,2.0,0.0,0.0,0.0,0.0,0.0,0.0,0.0,0.0,0.0
36,0.0,0.0,0.0,0.0,0.0,0.0,0.0,0.0,2.0,4.0,36.0,50.0,79.0,91.0,112.0,146.0,202.0,251.0,253.0,308.0,401.0,510.0,482.0,360.0,450.0,478.0,459.0,405.0,365.0,437.0,458.0,390.0,453.000000,507.000000,533.0,465.000000,521.0,585.0,669.000000,601.000000,563.0,632.000000,721.0,565.0,719.000000,700.000000,826.0,666.000000,870.0,790.0,933.000000,883.000000,923.0,941.00000,1103.000000,983.000000,1326.000000,1363.000000,1341.0,1324.000000,1994.0,2318.0,1617.000000,1382.000000,1185.0,1314.000000,883.0,828.0,863.0,772.0,628.0,590.0,624.0,603.0,512.0,446.0,564.0,701.0,399.0,328.0,302.0,299.0,234.0,189.0,85.0,41.0,3.0,0.0,0.0,0.0,0.0,0.0,0.0,0.0,0.0,0.0
37,0.0,0.0,0.0,0.0,0.0,0.0,0.0,0.0,3.0,5.0,27.0,52.0,81.0,93.0,91.0,147.0,182.0,206.0,215.0,341.0,377.0,493.0,397.0,402.0,393.0,488.0,446.0,460.0,410.0,423.0,450.0,411.0,496.000000,465.018543,536.0,537.000000,577.0,571.0,637.000000,635.891257,662.0,609.000000,708.0,709.0,687.000000,760.166209,733.0,706.000000,846.0,784.0,853.000000,853.123801,836.0,920.00000,1129.000000,885.000000,1373.000000,1415.397319,1290.0,1406.000000,1936.0,2252.0,1605.000000,1340.629505,1269.0,1340.000000,917.0,834.0,832.0,846.0,661.0,613.0,596.0,606.0,437.0,419.0,445.0,437.0,289.0,853.0,485.0,263.0,216.0,194.0,57.0,23.0,1.0,0.0,0.0,0.0,0.0,0.0,0.0,0.0,0.0,0.0
38,0.0,0.0,0.0,0.0,0.0,0.0,0.0,0.0,4.0,5.0,25.0,63.0,74.0,92.0,121.0,145.0,208.0,205.0,264.0,299.0,417.0,442.0,448.0,358.0,442.0,435.0,535.0,399.0,446.0,392.0,443.0,378.0,487.000000,446.000000,440.0,473.000000,577.0,521.0,540.000000,604.000000,591.0,633.000000,646.0,677.0,599.000000,831.000000,710.0,793.000000,719.0,851.0,771.000000,870.000000,884.0,988.00000,1066.000000,1062.000000,1179.000000,1449.000000,1323.0,1309.000000,1998.0,2303.0,1547.000000,1407.000000,1261.0,1143.000000,943.0,845.0,819.0,791.0,688.0,662.0,626.0,643.0,485.0,464.0,450.0,471.0,382.0,790.0,667.0,322.0,239.0,167.0,45.0,26.0,0.0,0.0,0.0,0.0,0.0,0.0,0.0,0.0,0.0,0.0
39,0.0,0.0,0.0,0.0,0.0,0.0,1.0,0.0,3.0,6.0,60.0,47.0,51.0,105.0,103.0,154.0,212.0,210.0,246.0,320.0,422.0,475.0,420.0,363.0,428.0,434.0,411.0,398.0,402.0,456.0,420.0,398.0,483.000000,433.000000,485.0,495.000000,581.0,588.0,599.000000,561.000000,664.0,571.000000,617.0,587.0,757.000000,854.000000,836.0,821.000000,1051.0,808.0,952.000000,922.000000,1104.0,1161.00000,1164.000000,1247.000000,1538.000000,1641.000000,1345.0,1279.000000,1543.0,1689.0,1337.000000,1154.000000,1120.0,1137.000000,859.0,819.0,798.0,815.0,595.0,511.0,537.0,571.0,410.0,307.0,422.0,433.0,372.0,878.0,495.0,324.0,260.0,243.0,85.0,42.0,0.0,0.0,0.0,0.0,0.0,0.0,0.0,0.0,0.0,0.0
40,0.0,0.0,0.0,0.0,0.0,0.0,0.0,0.0,4.0,2.0,42.0,74.0,66.0,74.0,85.0,105.0,107.0,118.0,119.0,129.0,167.0,224.0,173.0,200.0,191.0,283.0,237.0,209.0,187.0,255.913334,245.46413,243.288184,257.157610,334.000000,294.000000,325.000000,340.000000,415.0,313.000000,379.000000,365.000000,338.000000,367.0,388.0,392.00000,419.000000,373.000000,460.000000,468.0,438.0,380.000000,446.000000,512.000000,466.000000,405.0,473.0,399.000000,426.000000,403.000000,433.000000,425.0,441.0,432.000000,406.000000,414.000000,453.000000,392.0,413.0,427.0,368.0,374.0,316.0,398.0,382.0,288.0,215.0,352.0,309.0,195.0,807.0,379.0,280.0,257.0,165.0,112.0,32.0,3.0,0.0,0.0,0.0,0.0,0.0,0.0,0.0,0.0,0.0
41,0.0,0.0,0.0,0.0,0.0,0.0,0.0,0.0,4.0,2.0,82.0,47.0,95.0,104.0,68.0,62.0,70.0,84.0,94.0,110.0,109.0,122.0,132.0,149.0,173.0,232.0,209.0,189.0,272.0,257.000000,210.00000,197.000000,207.000000,251.201034,261.102770,261.390295,303.078758,319.0,285.000000,334.000000,308.000000,370.000000,366.0,348.0,355.00000,455.000000,422.000000,484.000000,420.0,470.0,509.000000,486.000000,441.000000,533.000000,496.0,527.0,487.000000,549.000000,422.000000,463.000000,409.0,551.0,469.000000,376.000000,366.000000,355.000000,340.0,324.0,303.0,329.0,285.0,250.0,283.0,349.0,185.0,190.0,275.0,378.0,201.0,316.0,667.0,320.0,145.0,146.0,68.0,70.0,0.0,0.0,0.0,0.0,0.0,0.0,0.0,0.0,0.0,0.0
42,0.0,0.0,0.0,0.0,0.0,0.0,0.0,1.0,3.0,6.0,37.0,55.0,61.0,108.0,115.0,138.0,229.0,199.0,222.0,287.0,396.0,375.0,418.0,319.0,348.0,397.0,393.0,309.0,296.0,347.000000,365.00000,343.000000,361.000000,375.000000,375.000000,354.000000,444.000000,422.0,475.000000,439.000000,492.000000,477.000000,483.0,482.0,481.00000,516.000000,530.000000,520.000000,611.0,518.0,660.000000,537.000000,679.000000,734.000000,782.0,776.0,1172.000000,1100.000000,1047.000000,1174.000000,1752.0,2116.0,1379.000000,1156.000000,1127.000000,1123.000000,842.0,935.0,820.0,680.0,467.0,450.0,498.0,530.0,330.0,293.0,345.0,259.0,179.0,177.0,191.0,199.0,150.0,131.0,42.0,17.0,3.0,0.0,0.0,0.0,0.0,0.0,0.0,0.0,0.0,0.0
43,0.0,0.0,0.0,0.0,0.0,0.0,0.0,0.0,4.0,4.0,39.0,45.0,62.0,85.0,113.0,142.0,186.0,237.0,203.0,286.0,367.0,443.0,411.0,327.0,313.0,465.0,357.0,335.0,343.0,418.000000,361.00000,367.000000,360.000000,406.000000,425.000000,392.000000,409.000000,410.0,496.000000,463.000000,485.000000,539.000000,534.0,438.0,504.00000,446.000000,577.000000,544.000000,666.0,531.0,618.000000,602.000000,708.000000,723.000000,750.0,824.0,1072.000000,1115.000000,1153.000000,1103.000000,1732.0,2106.0,1508.000000,1153.000000,1223.000000,1138.000000,928.0,764.0,836.0,819.0,636.0,702.0,567.0,461.0,458.0,338.0,371.0,365.0,217.0,209.0,202.0,177.0,142.0,133.0,86.0,25.0,3.0,0.0,0.0,0.0,0.0,0.0,0.0,0.0,0.0,0.0
44,0.0,0.0,0.0,0.0,0.0,0.0,0.0,0.0,5.0,3.0,26.0,46.0,66.0,89.0,124.0,150.0,206.0,215.0,208.0,276.0,380.0,459.0,391.0,337.0,381.0,425.0,413.0,340.0,374.0,347.000000,367.00000,361.000000,343.000000,381.000000,411.000000,384.000000,322.000000,444.0,415.000000,500.000000,379.000000,464.000000,495.0,498.0,446.00000,534.000000,453.000000,542.000000,533.0,606.0,562.000000,631.000000,674.000000,711.000000,820.0,786.0,1023.000000,1052.000000,1113.000000,1144.000000,1674.0,2086.0,1366.000000,1285.000000,1076.000000,1129.000000,888.0,679.0,755.0,709.0,497.0,512.0,602.0,544.0,415.0,355.0,451.0,371.0,265.0,240.0,178.0,237.0,199.0,150.0,36.0,20.0,0.0,0.0,0.0,0.0,0.0,0.0,0.0,0.0,0.0,0.0
45,0.0,0.0,0.0,0.0,0.0,0.0,0.0,0.0,1.0,4.0,41.0,56.0,49.0,96.0,111.0,139.0,189.0,234.0,160.0,317.0,350.0,454.0,399.0,337.0,351.0,429.0,445.0,355.0,340.0,386.000000,363.00000,335.000000,345.000000,387.000000,423.000000,368.000000,402.000000,378.0,483.000000,448.000000,478.000000,454.000000,489.0,403.0,446.00000,497.000000,552.000000,501.000000,619.0,492.0,633.000000,582.000000,689.000000,655.000000,777.0,780.0,1044.000000,1141.000000,1067.000000,1122.000000,1697.0,2043.0,1374.000000,1129.000000,1144.000000,1021.000000,874.0,778.0,758.0,745.0,547.0,535.0,560.0,568.0,483.0,412.0,433.0,371.0,294.0,276.0,256.0,228.0,154.0,190.0,62.0,30.0,0.0,0.0,0.0,0.0,0.0,0.0,0.0,0.0,0.0,0.0
46,0.0,0.0,0.0,0.0,0.0,0.0,0.0,2.0,2.0,4.0,34.0,46.0,75.0,94.0,93.0,163.0,188.0,181.0,193.0,275.0,388.0,395.0,395.0,349.0,341.0,454.0,350.0,376.0,292.0,378.000000,370.00000,351.000000,316.000000,384.000000,373.000000,422.000000,394.000000,440.0,417.000000,465.000000,408.000000,492.000000,484.0,485.0,454.00000,567.000000,574.000000,541.000000,581.0,659.0,700.000000,690.000000,760.000000,915.000000,881.0,1061.0,1215.000000,1311.000000,1223.000000,1038.000000,1243.0,1576.0,1135.000000,1003.000000,877.000000,986.000000,647.0,643.0,672.0,720.0,490.0,469.0,502.0,501.0,366.0,350.0,359.0,356.0,274.0,213.0,186.0,234.0,212.0,221.0,94.0,22.0,4.0,0.0,0.0,0.0,0.0,0.0,0.0,0.0,0.0,0.0
47,0.0,0.0,0.0,0.0,0.0,0.0,0.0,0.0,3.0,4.0,39.0,45.0,57.0,77.0,66.0,72.0,124.0,107.0,96.0,113.0,143.0,172.0,198.0,175.0,227.0,249.0,207.0,195.0,231.0,240.000000,221.00000,230.000000,237.000000,276.000000,247.000000,294.000000,275.000000,256.0,239.000000,307.000000,271.000000,274.000000,281.0,276.0,270.00000,289.000000,247.000000,250.000000,324.0,326.0,252.000000,293.000000,352.000000,297.000000,272.0,318.0,319.000000,364.000000,300.000000,308.000000,346.0,374.0,280.000000,281.000000,345.000000,314.000000,309.0,322.0,372.0,359.0,322.0,252.0,388.0,315.0,289.0,200.0,273.0,359.0,226.0,157.0,255.0,251.0,201.0,221.0,60.0,37.0,1.0,0.0,0.0,0.0,0.0,0.0,0.0,0.0,0.0,0.0
48,0.0,0.0,0.0,0.0,0.0,0.0,0.0,0.0,3.0,5.0,38.0,44.0,54.0,71.0,52.0,50.0,76.0,64.0,68.0,96.0,115.0,126.0,127.0,134.0,175.0,217.0,164.0,173.0,197.0,219.000000,200.00000,187.000000,208.000000,206.000000,202.000000,210.000000,253.000000,219.0,216.000000,194.000000,252.000000,256.000000,257.0,208.0,232.00000,271.000000,206.000000,238.000000,239.0,219.0,253.000000,229.000000,279.000000,252.000000,260.0,243.0,305.000000,270.000000,264.000000,239.000000,282.0,290.0,276.000000,239.000000,294.000000,228.000000,272.0,243.0,267.0,205.0,256.0,195.0,319.0,326.0,308.0,253.0,334.0,239.0,195.0,147.0,167.0,161.0,167.0,159.0,55.0,20.0,0.0,0.0,0.0,0.0,0.0,0.0,0.0,0.0,0.0,0.0
49,0.0,0.0,0.0,0.0,0.0,0.0,0.0,0.0,4.0,5.0,32.0,39.0,57.0,91.0,96.0,162.0,202.0,198.0,183.0,311.0,369.0,389.0,352.0,275.0,290.0,364.0,363.0,310.0,307.0,354.000000,312.00000,320.000000,326.000000,389.000000,308.000000,396.000000,406.000000,329.0,352.000000,465.000000,366.000000,404.000000,402.0,430.0,406.00000,506.000000,415.000000,492.000000,499.0,528.0,484.000000,580.000000,653.000000,703.000000,641.0,753.0,1008.000000,1053.000000,929.000000,1016.000000,1536.0,2063.0,1414.000000,1039.000000,1035.000000,1038.000000,812.0,704.0,705.0,742.0,553.0,504.0,484.0,556.0,322.0,320.0,322.0,302.0,295.0,195.0,173.0,154.0,101.0,134.0,23.0,17.0,0.0,0.0,0.0,0.0,0.0,0.0,0.0,0.0,0.0,0.0
50,0.0,0.0,0.0,0.0,0.0,0.0,0.0,0.0,3.0,5.0,29.0,38.0,60.0,80.0,119.0,140.0,228.0,193.0,228.0,262.0,316.0,393.0,348.0,292.0,381.0,398.0,364.0,254.0,334.0,346.000000,315.00000,304.000000,366.000000,389.000000,403.000000,378.000000,338.000000,374.0,370.000000,443.000000,394.000000,423.000000,454.0,422.0,425.00000,506.000000,395.000000,512.000000,543.0,556.0,557.000000,563.000000,551.000000,643.000000,757.0,724.0,1002.000000,1062.000000,917.000000,1156.000000,1667.0,1902.0,1462.000000,1197.000000,1084.000000,1020.000000,863.0,696.0,798.0,729.0,589.0,504.0,644.0,485.0,363.0,304.0,354.0,330.0,284.0,202.0,169.0,179.0,115.0,124.0,44.0,21.0,0.0,0.0,0.0,0.0,0.0,0.0,0.0,0.0,0.0,0.0
51,0.0,0.0,0.0,0.0,0.0,0.0,0.0,0.0,4.0,6.0,30.0,38.0,60.0,71.0,126.0,124.0,233.0,172.0,214.0,252.0,381.0,380.0,380.0,268.0,367.0,427.0,362.0,290.0,319.0,309.000000,324.00000,306.000000,300.000000,329.000000,363.819468,375.000000,398.000000,352.0,448.000000,395.000000,420.323743,395.000000,407.0,379.0,420.00000,429.000000,454.166083,492.000000,530.0,435.0,541.000000,498.000000,658.719227,678.000000,694.0,796.0,1011.000000,1038.000000,1042.920157,1017.000000,1685.0,1920.0,1385.000000,1103.000000,1065.123288,1038.000000,879.0,808.0,816.0,677.0,577.0,486.0,520.0,506.0,405.0,321.0,420.0,418.0,340.0,651.0,378.0,216.0,174.0,103.0,65.0,23.0,4.0,0.0,0.0,0.0,0.0,0.0,0.0,0.0,0.0,0.0
52,0.0,0.0,0.0,0.0,0.0,0.0,0.0,0.0,4.0,8.0,15.0,43.0,53.0,90.0,106.0,143.0,214.0,187.0,208.0,271.0,320.0,424.0,355.0,370.0,339.0,423.0,372.0,337.0,338.0,340.000000,293.00000,353.000000,346.000000,342.000000,353.000000,311.000000,341.000000,386.0,425.000000,410.000000,455.000000,449.000000,439.0,433.0,440.00000,547.000000,475.000000,496.000000,543.0,531.0,558.000000,608.000000,602.000000,708.000000,778.0,806.0,1050.000000,1092.000000,1034.000000,1135.000000,1800.0,1958.0,1420.000000,1088.000000,1102.000000,1069.000000,732.0,618.0,814.0,640.0,526.0,467.0,542.0,507.0,490.0,987.0,395.0,327.0,216.0,213.0,205.0,188.0,149.0,109.0,48.0,22.0,2.0,0.0,0.0,0.0,0.0,0.0,0.0,0.0,0.0,0.0
53,0.0,0.0,0.0,0.0,0.0,0.0,0.0,0.0,0.0,1.0,27.0,38.0,53.0,70.0,114.0,143.0,171.0,180.0,215.0,256.0,361.0,406.0,378.0,320.0,322.0,369.0,358.0,315.0,314.0,335.000000,297.00000,291.000000,319.000000,343.000000,338.000000,356.978999,383.000000,379.0,351.000000,362.000000,396.000000,440.810049,438.0,403.0,472.00000,495.000000,503.000000,556.039092,607.0,570.0,604.000000,661.000000,818.000000,879.981887,996.0,938.0,1349.000000,1371.000000,1020.000000,1000.109885,1323.0,1385.0,1079.000000,987.000000,988.000000,915.376976,732.0,680.0,718.0,669.0,502.0,444.0,524.0,543.0,371.0,331.0,428.0,354.0,262.0,213.0,569.0,416.0,244.0,176.0,75.0,21.0,1.0,0.0,0.0,0.0,0.0,0.0,0.0,0.0,0.0,0.0
54,0.0,0.0,0.0,0.0,0.0,0.0,0.0,0.0,3.0,4.0,23.0,47.0,50.0,71.0,71.0,81.0,109.0,106.0,113.0,132.0,149.0,158.0,166.0,164.0,168.0,243.0,213.0,165.0,149.0,217.000000,219.00000,169.000000,230.000000,284.000000,211.000000,189.000000,221.000000,228.0,236.000000,230.000000,239.000000,253.000000,235.0,241.0,248.00000,265.000000,340.000000,280.000000,324.0,294.0,262.000000,290.000000,292.000000,292.000000,344.0,295.0,362.000000,330.000000,323.000000,273.000000,359.0,337.0,373.000000,376.000000,423.000000,354.000000,317.0,292.0,331.0,342.0,274.0,262.0,274.0,325.0,267.0,242.0,280.0,246.0,204.0,166.0,159.0,139.0,120.0,112.0,43.0,18.0,2.0,0.0,0.0,0.0,0.0,0.0,0.0,0.0,0.0,0.0
55,0.0,0.0,0.0,0.0,0.0,0.0,0.0,2.0,2.0,5.0,29.0,31.0,42.0,55.0,57.0,46.0,84.0,61.0,75.0,89.0,127.0,102.0,119.0,130.0,163.0,217.0,190.0,160.0,147.0,188.000000,182.00000,191.000000,200.000000,181.000000,175.000000,184.000000,210.000000,169.0,252.000000,206.000000,229.000000,199.000000,219.0,245.0,253.00000,248.000000,231.000000,235.000000,232.0,257.0,265.000000,253.000000,260.000000,237.000000,238.0,257.0,259.000000,282.000000,304.000000,285.000000,331.0,326.0,292.000000,293.000000,297.000000,282.000000,257.0,280.0,259.0,294.0,219.0,222.0,290.0,316.0,227.0,216.0,244.0,228.0,137.0,148.0,153.0,166.0,121.0,98.0,34.0,9.0,0.0,0.0,0.0,0.0,0.0,0.0,0.0,0.0,0.0,0.0
56,0.0,0.0,0.0,0.0,0.0,0.0,0.0,1.0,5.0,2.0,19.0,53.0,56.0,89.0,111.0,144.0,187.0,225.0,207.0,368.0,405.0,561.0,502.0,428.0,400.0,464.0,396.0,394.0,399.0,470.000000,419.00000,435.000000,382.000000,430.854570,407.000000,431.000000,485.000000,543.0,538.000000,579.551813,504.000000,597.000000,661.0,661.0,679.00000,771.694353,748.000000,781.000000,1008.0,1006.0,1035.000000,951.884644,1013.000000,1263.000000,1235.0,1295.0,1508.000000,1720.263304,1556.000000,1488.000000,2097.0,2277.0,1949.000000,1486.913303,1467.000000,1349.000000,1000.0,926.0,910.0,894.0,673.0,568.0,616.0,624.0,574.0,377.0,410.0,420.0,274.0,179.0,189.0,209.0,145.0,122.0,37.0,14.0,0.0,0.0,0.0,0.0,0.0,0.0,0.0,0.0,0.0,0.0
57,0.0,0.0,0.0,0.0,0.0,0.0,0.0,1.0,5.0,6.0,24.0,44.0,58.0,93.0,122.0,146.0,189.0,248.0,243.0,367.0,433.0,540.0,513.0,439.0,439.0,456.0,448.0,417.0,388.0,430.000000,432.00000,451.000000,413.000000,462.000000,475.000000,507.000000,473.000000,603.0,543.000000,665.000000,620.000000,609.000000,664.0,681.0,607.00000,879.000000,775.000000,901.000000,896.0,979.0,1014.000000,964.000000,1194.000000,1269.000000,1201.0,1262.0,1697.000000,1850.000000,1495.000000,1682.000000,2106.0,2444.0,1992.000000,1491.000000,1469.000000,1461.000000,1029.0,1010.0,965.0,979.0,657.0,655.0,653.0,715.0,470.0,411.0,439.0,366.0,310.0,245.0,194.0,157.0,125.0,102.0,64.0,16.0,3.0,0.0,0.0,0.0,0.0,0.0,0.0,0.0,0.0,0.0
58,0.0,0.0,0.0,0.0,0.0,0.0,0.0,0.0,4.0,3.0,23.0,50.0,58.0,96.0,106.0,164.0,196.0,228.0,223.0,368.0,470.0,586.0,503.0,463.0,441.0,470.0,409.0,430.0,401.0,481.000000,428.00000,465.000000,449.000000,445.000000,437.000000,466.000000,580.000000,546.0,565.000000,572.000000,620.000000,630.000000,728.0,665.0,681.00000,771.000000,743.000000,875.000000,1098.0,955.0,1022.000000,800.000000,1236.000000,1178.000000,1155.0,1343.0,1612.000000,1653.000000,1512.000000,1461.000000,2296.0,2342.0,1793.000000,1657.000000,1520.000000,1354.000000,976.0,1020.0,959.0,933.0,755.0,642.0,748.0,884.0,537.0,378.0,415.0,380.0,314.0,247.0,199.0,185.0,156.0,114.0,47.0,14.0,4.0,0.0,0.0,0.0,0.0,0.0,0.0,0.0,0.0,0.0
59,0.0,0.0,0.0,0.0,0.0,0.0,0.0,1.0,5.0,6.0,24.0,54.0,61.0,96.0,124.0,146.0,208.0,226.0,244.0,352.0,476.0,509.0,546.0,432.0,496.0,473.0,445.0,431.0,374.0,403.000000,453.00000,396.000000,449.974611,473.000000,457.000000,434.000000,547.000000,528.0,570.387883,561.000000,614.000000,630.000000,716.0,559.0,709.16695,855.000000,818.000000,888.000000,928.0,951.0,1048.592774,989.000000,1157.000000,1148.000000,1297.0,1270.0,1646.922477,1928.000000,1641.000000,1603.000000,2162.0,2584.0,1981.907731,1470.000000,1583.000000,1358.000000,1143.0,928.0,917.0,929.0,684.0,584.0,867.0,825.0,532.0,417.0,487.0,420.0,334.0,273.0,237.0,233.0,165.0,108.0,57.0,20.0,1.0,0.0,0.0,0.0,0.0,0.0,0.0,0.0,0.0,0.0
60,0.0,0.0,0.0,0.0,0.0,0.0,0.0,0.0,11.0,5.0,28.0,61.0,58.0,83.0,115.0,145.0,204.0,233.0,246.0,352.0,428.0,580.0,483.0,450.0,479.0,499.0,442.0,389.0,415.0,431.0,427.0,483.0,487.00000,485.000000,476.0,546.000000,539.0,552.0,590.000000,645.000000,608.0,655.000000,671.0,696.0,695.000000,926.000000,771.0,889.000000,1025.0,1051.0,1111.000000,1077.000000,1350.0,1335.000000,1450.0,1466.0,1905.000000,1756.000000,1554.0,1511.000000,1700.0,1827.0,1414.000000,1233.000000,1239.0,1277.000000,1038.0,832.0,936.0,830.0,695.0,679.0,674.0,721.0,948.0,681.0,977.0,688.0,451.0,290.0,313.0,297.0,261.0,250.0,80.0,49.0,0.0,0.0,0.0,0.0,0.0,0.0,0.0,0.0,0.0,0.0
61,0.0,0.0,0.0,0.0,0.0,0.0,0.0,1.0,3.0,5.0,166.0,87.0,100.0,95.0,69.0,101.0,145.0,126.0,131.0,165.0,238.0,255.0,232.0,235.0,245.0,302.0,225.0,210.0,258.0,295.0,236.0,346.0,300.00000,353.000000,357.0,351.000000,411.0,439.0,445.000000,470.000000,420.0,534.000000,534.0,443.0,519.000000,671.000000,603.0,620.000000,677.0,632.0,577.000000,498.000000,599.0,622.000000,664.0,624.0,705.000000,539.000000,588.0,491.000000,477.0,496.0,539.000000,475.000000,526.0,463.000000,488.0,456.0,482.0,479.0,452.0,424.0,472.0,440.0,384.0,289.0,460.0,509.0,340.0,394.0,335.0,291.0,238.0,218.0,62.0,25.0,1.0,0.0,0.0,0.0,0.0,0.0,0.0,0.0,0.0,0.0
62,0.0,0.0,0.0,0.0,0.0,0.0,0.0,0.0,6.0,3.0,65.0,74.0,90.0,71.0,60.0,69.0,105.0,82.0,89.0,115.0,162.0,133.0,149.0,145.0,214.0,275.0,244.0,263.0,208.0,263.0,238.0,302.0,260.00000,280.000000,281.0,312.000000,329.0,302.0,327.000000,344.000000,312.0,314.000000,344.0,353.0,346.000000,415.000000,318.0,374.000000,358.0,338.0,363.000000,308.000000,351.0,376.000000,335.0,317.0,330.000000,345.000000,358.0,336.000000,430.0,413.0,355.000000,305.000000,338.0,348.000000,387.0,356.0,441.0,358.0,270.0,230.0,310.0,379.0,248.0,217.0,273.0,286.0,451.0,795.0,960.0,590.0,316.0,154.0,49.0,15.0,4.0,0.0,0.0,0.0,0.0,0.0,0.0,0.0,0.0,0.0
63,0.0,0.0,0.0,0.0,0.0,0.0,0.0,1.0,9.0,3.0,28.0,42.0,64.0,101.0,122.0,173.0,219.0,247.0,234.0,349.0,425.0,513.0,572.0,450.0,433.0,473.0,469.0,422.0,477.0,420.0,501.0,419.0,446.00000,461.000000,477.0,439.000000,537.0,528.0,587.000000,625.000000,661.0,658.000000,724.0,654.0,702.000000,758.000000,796.0,841.000000,1004.0,868.0,1110.000000,987.000000,1121.0,1156.000000,1287.0,1289.0,1550.000000,1917.000000,1798.0,1653.000000,2237.0,2334.0,2403.000000,1757.000000,1684.0,1547.000000,1180.0,1069.0,1184.0,1112.0,763.0,697.0,711.0,702.0,516.0,467.0,475.0,425.0,273.0,231.0,206.0,162.0,148.0,148.0,29.0,14.0,0.0,0.0,0.0,0.0,0.0,0.0,0.0,0.0,0.0,0.0
64,0.0,0.0,0.0,0.0,0.0,0.0,0.0,3.0,4.0,5.0,14.0,45.0,68.0,108.0,120.0,180.0,238.0,288.0,241.0,373.0,467.0,553.0,536.0,449.0,481.0,504.0,417.0,425.0,421.0,490.0,431.0,455.0,463.00000,513.000000,487.0,593.000000,581.0,716.0,662.000000,743.000000,670.0,765.000000,737.0,649.0,683.000000,920.000000,918.0,900.000000,1027.0,1073.0,1116.000000,995.000000,1204.0,1271.000000,1418.0,1262.0,1694.000000,1916.000000,1876.0,1834.000000,2318.0,2562.0,2360.000000,1776.000000,1819.0,1720.000000,1457.0,1100.0,1200.0,1089.0,874.0,702.0,694.0,740.0,592.0,466.0,478.0,528.0,403.0,236.0,295.0,219.0,194.0,166.0,48.0,24.0,1.0,0.0,0.0,0.0,0.0,0.0,0.0,0.0,0.0,0.0
65,0.0,0.0,0.0,0.0,0.0,0.0,0.0,0.0,9.0,2.0,33.0,46.0,53.0,101.0,121.0,185.0,229.0,235.0,249.0,332.0,516.0,581.0,500.0,503.0,432.0,507.0,482.0,400.0,416.0,513.0,438.0,494.0,471.00000,520.341302,470.0,549.000000,530.0,585.0,634.000000,685.969917,598.0,832.000000,714.0,718.0,605.000000,891.612281,894.0,892.000000,1018.0,1020.0,1135.000000,1060.170702,1226.0,1347.000000,1389.0,1240.0,1613.000000,1880.203825,1753.0,1835.000000,2262.0,2498.0,2198.000000,1707.445180,1659.0,1650.000000,1349.0,1143.0,1173.0,1099.0,967.0,701.0,713.0,765.0,659.0,452.0,567.0,518.0,435.0,463.0,404.0,282.0,212.0,161.0,52.0,21.0,2.0,0.0,0.0,0.0,0.0,0.0,0.0,0.0,0.0,0.0
66,0.0,0.0,0.0,0.0,0.0,0.0,0.0,0.0,2.0,6.0,23.0,56.0,70.0,114.0,123.0,189.0,216.0,270.0,238.0,370.0,499.0,527.0,546.0,495.0,459.0,519.0,442.0,452.0,440.0,516.0,388.0,499.0,443.00000,474.000000,468.0,609.000000,600.0,630.0,646.000000,630.000000,638.0,738.000000,777.0,726.0,727.000000,907.000000,819.0,856.000000,929.0,1062.0,1096.000000,1084.000000,1266.0,1256.000000,1327.0,1359.0,1765.000000,1987.000000,1827.0,1818.000000,2336.0,2477.0,2216.000000,1658.000000,1688.0,1582.000000,1169.0,1189.0,1086.0,1070.0,755.0,905.0,985.0,767.0,578.0,509.0,503.0,553.0,415.0,351.0,405.0,394.0,219.0,203.0,66.0,22.0,1.0,0.0,0.0,0.0,0.0,0.0,0.0,0.0,0.0,0.0
67,0.0,0.0,0.0,0.0,0.0,0.0,0.0,2.0,5.0,4.0,45.0,48.0,60.0,86.0,130.0,182.0,246.0,236.0,259.0,345.0,496.0,531.0,528.0,457.0,464.0,500.0,453.0,393.0,446.0,441.0,483.0,452.0,418.00000,470.000000,591.0,532.000000,641.0,643.0,661.000000,655.000000,652.0,757.000000,869.0,675.0,932.000000,873.000000,958.0,1006.000000,1049.0,1148.0,1273.000000,1169.000000,1360.0,1425.000000,1386.0,1585.0,1769.000000,2285.000000,1607.0,1688.000000,1824.0,2163.0,1660.000000,1553.000000,1463.0,1355.000000,1105.0,1052.0,1053.0,924.0,774.0,631.0,734.0,684.0,557.0,448.0,508.0,606.0,735.0,708.0,557.0,405.0,382.0,380.0,141.0,20.0,0.0,0.0,0.0,0.0,0.0,0.0,0.0,0.0,0.0,0.0
68,0.0,0.0,0.0,0.0,0.0,0.0,0.0,1.0,6.0,1.0,58.0,96.0,82.0,92.0,57.0,93.0,139.0,149.0,130.0,155.0,222.0,198.0,208.0,240.0,293.0,328.0,266.0,247.0,247.0,336.0,330.0,325.0,325.00000,423.000000,395.0,403.000000,465.0,473.0,477.000000,586.000000,457.0,534.000000,599.0,439.0,592.000000,537.000000,638.0,774.000000,681.0,654.0,699.000000,630.000000,645.0,675.000000,685.0,602.0,645.000000,629.000000,602.0,562.000000,574.0,597.0,594.000000,495.000000,537.0,579.000000,573.0,459.0,488.0,494.0,455.0,509.0,1028.0,561.0,442.0,310.0,473.0,464.0,516.0,534.0,507.0,511.0,362.0,224.0,81.0,38.0,3.0,0.0,0.0,0.0,0.0,0.0,0.0,0.0,0.0,0.0
69,0.0,0.0,0.0,0.0,0.0,0.0,0.0,0.0,7.0,4.0,57.0,56.0,51.0,64.0,65.0,72.0,94.0,69.0,114.0,82.0,127.0,147.0,164.0,147.0,175.0,232.0,232.0,202.0,186.0,253.0,227.0,236.0,278.00000,268.000000,292.0,239.000000,274.0,337.0,339.000000,305.000000,367.0,347.000000,363.0,330.0,330.000000,562.000000,404.0,337.000000,329.0,404.0,358.000000,393.000000,413.0,432.000000,428.0,315.0,324.000000,393.000000,397.0,374.000000,387.0,418.0,374.000000,346.000000,364.0,365.000000,322.0,312.0,364.0,332.0,328.0,272.0,376.0,379.0,259.0,361.0,362.0,308.0,201.0,188.0,154.0,171.0,114.0,94.0,24.0,9.0,0.0,0.0,0.0,0.0,0.0,0.0,0.0,0.0,0.0,0.0
70,0.0,0.0,0.0,0.0,0.0,0.0,0.0,1.0,2.0,4.0,17.0,43.0,54.0,103.0,165.0,183.0,245.0,260.0,261.0,347.0,539.0,568.0,490.0,468.0,426.0,523.0,418.0,415.0,373.0,462.0,430.0,467.0,407.00000,524.000000,423.0,517.157546,573.0,645.0,588.000000,675.000000,701.0,707.017971,696.0,698.0,706.000000,815.000000,819.0,838.052186,878.0,1052.0,1091.000000,1033.000000,1236.0,1283.216697,1438.0,1340.0,1729.000000,1840.000000,1749.0,1720.837548,2309.0,2465.0,2075.000000,1710.000000,1542.0,1554.415058,1167.0,1001.0,1105.0,1047.0,767.0,705.0,756.0,645.0,520.0,440.0,452.0,545.0,270.0,243.0,231.0,233.0,169.0,147.0,40.0,21.0,1.0,0.0,0.0,0.0,0.0,0.0,0.0,0.0,0.0,0.0
71,0.0,0.0,0.0,0.0,0.0,0.0,0.0,1.0,3.0,4.0,18.0,42.0,66.0,97.0,147.0,153.0,240.0,211.0,293.0,357.0,497.0,510.0,573.0,466.0,471.0,524.0,453.0,400.0,420.0,457.0,479.0,431.0,517.00000,480.000000,499.0,495.000000,629.0,573.0,685.000000,632.000000,747.0,682.000000,824.0,665.0,738.000000,901.000000,901.0,833.000000,1105.0,1033.0,1198.000000,1001.000000,1190.0,1359.000000,1297.0,1384.0,1582.000000,1934.000000,1880.0,1821.000000,2196.0,2520.0,2225.000000,1667.000000,1692.0,1735.000000,1281.0,1101.0,1102.0,1046.0,788.0,673.0,699.0,757.0,509.0,402.0,477.0,482.0,355.0,270.0,262.0,235.0,175.0,135.0,62.0,18.0,0.0,0.0,0.0,0.0,0.0,0.0,0.0,0.0,0.0,0.0
72,0.0,0.0,0.0,0.0,0.0,0.0,0.0,2.0,5.0,2.0,27.0,30.0,47.0,122.0,121.0,170.0,195.0,275.0,269.0,403.0,426.0,600.0,537.0,492.0,447.0,466.0,493.0,448.0,418.0,481.0,462.0,428.0,397.00000,513.000000,514.0,495.000000,588.0,795.0,610.000000,696.000000,627.0,747.000000,836.0,791.0,778.000000,856.000000,969.0,855.000000,925.0,1071.0,1214.000000,1148.000000,1092.0,1234.000000,1520.0,1472.0,1565.000000,2157.000000,1576.0,1689.000000,2483.0,2379.0,2217.000000,1661.000000,1594.0,1571.000000,1402.0,1032.0,1071.0,986.0,790.0,636.0,736.0,682.0,574.0,466.0,552.0,481.0,332.0,529.0,649.0,260.0,210.0,165.0,84.0,21.0,1.0,0.0,0.0,0.0,0.0,0.0,0.0,0.0,0.0,0.0
73,0.0,0.0,0.0,0.0,0.0,0.0,0.0,0.0,2.0,4.0,17.0,53.0,60.0,104.0,127.0,161.0,231.0,232.0,252.0,361.0,454.0,615.0,545.0,448.0,450.0,483.0,488.0,380.0,498.0,492.0,485.0,429.0,462.67671,505.000000,539.0,470.000000,565.0,666.0,695.852183,641.000000,718.0,774.000000,867.0,671.0,815.266143,871.000000,1003.0,859.000000,1057.0,1058.0,1200.020661,1061.000000,1103.0,1285.000000,1358.0,1470.0,1605.307301,1865.000000,1849.0,1721.000000,2300.0,2570.0,2177.138554,1639.000000,1526.0,1567.000000,1282.0,1060.0,1250.0,1161.0,838.0,720.0,796.0,762.0,567.0,406.0,522.0,516.0,395.0,491.0,772.0,297.0,189.0,147.0,49.0,17.0,6.0,0.0,0.0,0.0,0.0,0.0,0.0,0.0,0.0,0.0
74,0.0,0.0,0.0,0.0,0.0,0.0,0.0,3.0,6.0,6.0,23.0,36.0,60.0,90.0,127.0,147.0,220.0,215.0,267.0,365.0,473.0,544.0,527.0,444.0,461.0,495.0,481.0,404.0,409.0,475.0,442.0,482.0,465.00000,533.000000,497.0,513.000000,589.0,677.0,683.000000,805.000000,739.0,767.000000,762.0,793.0,795.000000,909.000000,865.0,988.000000,1014.0,1211.0,1240.000000,1206.000000,1377.0,1558.000000,1517.0,1668.0,1933.000000,2009.000000,1866.0,1572.000000,2023.0,2029.0,1719.000000,1481.000000,1342.0,1503.000000,1081.0,1036.0,1051.0,1137.0,714.0,675.0,691.0,772.0,518.0,498.0,458.0,536.0,407.0,866.0,621.0,360.0,233.0,274.0,80.0,49.0,0.0,0.0,0.0,0.0,0.0,0.0,0.0,0.0,0.0,0.0
75,0.0,0.0,0.0,0.0,0.0,0.0,1.0,1.0,7.0,3.0,31.0,44.0,62.0,80.0,92.0,73.0,136.0,125.0,122.0,125.0,186.0,197.0,230.0,176.0,234.0,265.0,252.0,221.0,271.0,281.0,343.0,293.0,305.00000,319.000000,335.0,374.000000,442.0,498.0,518.000000,517.000000,494.0,523.000000,584.0,621.0,846.000000,671.000000,801.0,734.000000,728.0,676.0,732.000000,633.000000,665.0,744.000000,675.0,680.0,634.000000,741.000000,599.0,727.000000,1063.0,821.0,693.000000,502.000000,505.0,540.000000,461.0,467.0,464.0,513.0,350.0,397.0,423.0,743.0,533.0,391.0,419.0,434.0,286.0,291.0,261.0,272.0,210.0,207.0,89.0,40.0,0.0,0.0,0.0,0.0,0.0,0.0,0.0,0.0,0.0,0.0
76,0.0,0.0,0.0,0.0,0.0,0.0,1.0,0.0,5.0,4.0,99.0,88.0,62.0,63.0,67.0,73.0,76.0,101.0,94.0,105.0,132.0,159.0,125.0,135.0,195.0,205.0,190.0,178.0,178.0,246.0,232.0,220.0,217.00000,272.000000,285.0,282.000000,294.0,309.0,329.000000,311.000000,358.0,364.000000,366.0,386.0,554.000000,557.000000,410.0,443.000000,427.0,436.0,398.000000,413.000000,430.0,450.000000,421.0,439.0,476.000000,513.000000,446.0,665.000000,823.0,501.0,429.000000,386.000000,425.0,368.000000,306.0,363.0,422.0,368.0,337.0,298.0,366.0,344.0,297.0,236.0,270.0,332.0,208.0,149.0,219.0,184.0,111.0,100.0,47.0,21.0,3.0,0.0,0.0,0.0,0.0,0.0,0.0,0.0,0.0,0.0
77,0.0,0.0,0.0,0.0,0.0,0.0,0.0,1.0,3.0,4.0,22.0,41.0,64.0,94.0,120.0,156.0,217.0,261.0,272.0,337.0,456.0,563.0,585.0,434.0,477.0,437.0,466.0,377.0,411.0,432.0,491.0,464.0,443.00000,487.000000,537.0,462.000000,577.0,608.0,722.000000,647.000000,724.0,741.000000,734.0,727.0,798.000000,905.000000,1016.0,879.000000,990.0,931.0,1166.000000,1066.000000,1220.0,1269.000000,1434.0,1422.0,1622.000000,1829.000000,1647.0,1772.000000,2261.0,2425.0,2110.000000,1606.000000,1587.0,1494.000000,1282.0,996.0,1154.0,1104.0,909.0,677.0,801.0,677.0,605.0,418.0,556.0,465.0,347.0,238.0,216.0,252.0,698.0,410.0,75.0,16.0,1.0,0.0,0.0,0.0,0.0,0.0,0.0,0.0,0.0,0.0
78,0.0,0.0,0.0,0.0,0.0,0.0,1.0,2.0,4.0,3.0,18.0,54.0,53.0,108.0,118.0,171.0,207.0,276.0,262.0,381.0,398.0,588.0,557.0,459.0,403.0,485.0,474.0,408.0,391.0,475.0,437.0,505.0,476.00000,593.000000,572.0,591.000000,590.0,684.0,721.000000,755.000000,654.0,755.000000,808.0,708.0,782.000000,827.000000,879.0,904.000000,915.0,1026.0,1209.000000,1122.000000,1177.0,1365.000000,1366.0,1431.0,1593.000000,2144.000000,1703.0,1811.000000,2339.0,2487.0,2041.000000,1722.000000,1674.0,1668.000000,1223.0,1161.0,1225.0,1198.0,802.0,739.0,716.0,741.0,544.0,517.0,716.0,528.0,365.0,290.0,275.0,232.0,166.0,175.0,80.0,22.0,0.0,0.0,0.0,0.0,0.0,0.0,0.0,0.0,0.0,0.0
79,0.0,0.0,0.0,0.0,0.0,0.0,2.0,0.0,7.0,6.0,26.0,33.0,70.0,110.0,104.0,158.0,232.0,255.0,234.0,373.0,423.0,577.0,522.0,503.0,480.0,548.0,456.0,406.0,443.0,517.0,466.0,510.0,474.00000,531.618101,514.0,527.000000,720.0,647.0,728.000000,719.090789,699.0,745.000000,743.0,715.0,794.000000,904.542942,844.0,852.000000,907.0,1144.0,1087.000000,1053.367373,1249.0,1327.000000,1307.0,1541.0,1544.000000,1955.676644,1776.0,1879.000000,2230.0,2455.0,2148.000000,1696.381502,1668.0,1608.000000,1278.0,1150.0,1172.0,1144.0,938.0,743.0,796.0,981.0,657.0,527.0,492.0,542.0,421.0,483.0,364.0,282.0,161.0,194.0,41.0,14.0,4.0,0.0,0.0,0.0,0.0,0.0,0.0,0.0,0.0,0.0
80,0.0,0.0,0.0,0.0,0.0,0.0,0.0,1.0,5.0,4.0,22.0,52.0,59.0,85.0,119.0,163.0,220.0,247.0,262.0,312.0,495.0,545.0,518.0,435.0,476.0,490.0,479.0,457.0,458.0,448.0,486.0,460.0,486.0,542.0,506.0,595.0,596.0,771.0,716.0,780.0,691.0,810.0,761.0,649.0,775.0,976.0,899.0,915.0,914.0,1143.0,1075.0,1184.0,1168.0,1440.0,1353.0,1380.0,1680.0,1907.0,1936.0,1866.0,2300.0,2406.000000,2287.000000,1704.000000,1648.000000,1568.0,1289.0,1114.0,1241.0,1225.0,838.0,796.0,792.0,1060.0,611.0,557.0,587.0,610.0,633.0,574.0,383.0,335.0,271.0,202.0,72.0,32.0,2.0,0.0,0.0,0.0,0.0,0.0,0.0,0.0,0.0,0.0
81,0.0,0.0,0.0,0.0,0.0,0.0,0.0,4.0,12.0,5.0,26.0,39.0,59.0,100.0,111.0,163.0,201.0,257.0,262.0,349.0,441.0,559.0,515.0,457.0,457.0,502.0,553.0,384.0,428.0,537.0,541.0,470.0,516.0,611.0,563.0,557.0,769.0,734.0,752.0,682.0,806.0,803.0,811.0,727.0,894.0,1008.0,915.0,872.0,1039.0,1188.0,1189.0,1192.0,1445.0,1666.0,1572.0,1714.0,1871.0,2019.0,1735.0,1694.0,1914.0,2000.000000,1573.000000,1469.000000,1276.000000,1287.0,1194.0,1007.0,1115.0,1014.0,839.0,666.0,679.0,711.0,655.0,586.0,573.0,571.0,459.0,454.0,500.0,520.0,413.0,331.0,122.0,51.0,2.0,0.0,0.0,0.0,0.0,0.0,0.0,0.0,0.0,0.0
82,0.0,0.0,0.0,0.0,0.0,0.0,1.0,1.0,7.0,1.0,64.0,45.0,43.0,63.0,56.0,73.0,138.0,135.0,128.0,152.0,183.0,238.0,229.0,200.0,236.0,290.0,259.0,233.0,263.0,326.0,357.0,332.0,308.0,405.0,413.0,397.0,423.0,473.0,495.0,520.0,445.0,577.0,553.0,554.0,586.0,736.0,713.0,687.0,709.0,749.0,807.0,783.0,632.0,734.0,735.0,586.0,661.0,741.0,728.0,955.0,673.0,713.126227,768.184616,584.589016,632.425238,542.0,520.0,476.0,537.0,495.0,453.0,377.0,447.0,439.0,420.0,377.0,402.0,415.0,382.0,588.0,413.0,310.0,265.0,192.0,127.0,38.0,0.0,0.0,0.0,0.0,0.0,0.0,0.0,0.0,0.0,0.0
83,0.0,0.0,0.0,0.0,0.0,0.0,1.0,0.0,7.0,2.0,75.0,80.0,54.0,106.0,59.0,52.0,95.0,84.0,75.0,82.0,143.0,165.0,156.0,141.0,173.0,220.0,193.0,192.0,190.0,223.0,227.0,184.0,250.0,247.0,287.0,287.0,320.0,299.0,356.0,312.0,320.0,328.0,419.0,364.0,366.0,388.0,456.0,479.0,417.0,385.0,420.0,437.0,413.0,449.0,532.0,389.0,440.0,428.0,607.0,721.0,476.0,556.871222,576.943234,439.022826,488.397039,345.0,344.0,377.0,419.0,384.0,317.0,320.0,313.0,426.0,267.0,236.0,234.0,339.0,479.0,422.0,254.0,209.0,134.0,129.0,37.0,20.0,0.0,0.0,0.0,0.0,0.0,0.0,0.0,0.0,0.0,0.0
